ISBN,DATA,N-NF,Editora,EXEMPLARES, PREÃ‡O VENDA ,TOTAL
9788570784780.0,2024-07-01,1.0,EDUFU,1.0," R$ 50,00 ",50.0
9786558240228.0,2024-07-09,2.0,EDUFU,2.0," R$ 30,00 ",60.0
9786558240433.0,2024-07-01,2.0,EDUFU,1.0," R$ 50,00 ",50.0
9786558240228.0,2024-07-09,3.0,EDUFU,1.0," R$ 30,00 ",30.0
9786588055038.0,2024-07-01,4.0,EDUFU,1.0," R$ 56,67 ",56.67
9786558240433.0,2024-07-04,5.0,EDUFU,1.0," R$ 50,00 ",50.0
9786558240327.0,2024-07-04,6.0,EDUFU,1.0," R$ 30,00 ",30.0
9786558240082.0,2024-07-04,7.0,EDUFU,1.0," R$ 33,33 ",33.33
9780000000000.0,2024-07-04,8.0,EDUFU,1.0," R$ 5,00 ",5.0
9786588055045.0,2024-07-04,9.0,EDUFU,1.0," R$ 50,00 ",50.0
9786558240228.0,2024-07-04,10.0,EDUFU,3.0," R$ 30,00 ",90.0
9786558240228.0,2024-07-04,13.0,EDUFU,1.0," R$ 30,00 ",30.0
9786558240051.0,2024-07-04,13.0,EDUFU,1.0," R$ 63,67 ",63.67
9786558240228.0,2024-07-04,14.0,EDUFU,3.0," R$ 30,00 ",90.0
9786558240228.0,2024-07-04,15.0,EDUFU,1.0," R$ 30,00 ",30.0
9786558240228.0,2024-07-04,16.0,EDUFU,3.0," R$ 30,00 ",90.0
9786558240228.0,2024-07-08,17.0,EDUFU,4.0," R$ 30,00 ",120.0
9786558240228.0,2024-07-09,18.0,EDUFU,2.0," R$ 30,00 ",60.0
9786558240228.0,2024-07-09,19.0,EDUFU,1.0," R$ 30,00 ",30.0
9786558240228.0,2024-07-09,20.0,EDUFU,1.0," R$ 30,00 ",30.0
9786558240228.0,2024-07-09,21.0,EDUFU,1.0," R$ 30,00 ",30.0
9786558240433.0,2024-07-09,22.0,EDUFU,1.0," R$ 50,00 ",50.0
9780000000000.0,2024-07-09,23.0,EDUFU,1.0," R$ 5,00 ",5.0
9786558240228.0,2024-07-09,24.0,EDUFU,2.0," R$ 30,00 ",60.0
9786558240228.0,2024-07-17,25.0,EDUFU,1.0," R$ 30,00 ",30.0
9786558240228.0,2024-07-19,26.0,EDUFU,1.0," R$ 30,00 ",30.0
9786558240433.0,2024-07-25,27.0,EDUFU,1.0," R$ 50,00 ",50.0
9786558240228.0,2024-08-05,28.0,EDUFU,1.0," R$ 30,00 ",30.0
9786558240327.0,2024-08-05,29.0,EDUFU,1.0," R$ 30,00 ",30.0
9786558240228.0,2024-08-05,30.0,EDUFU,1.0," R$ 30,00 ",30.0
9788570784032.0,2024-08-06,31.0,EDUFU,1.0," R$ 33,33 ",33.33
9788570784032.0,2024-08-09,32.0,EDUFU,1.0," R$ 33,33 ",33.33
9786558240433.0,2024-08-29,33.0,EDUFU,4.0," R$ 50,00 ",200.0
9788570785145.0,2024-08-29,33.0,EDUFU,4.0," R$ 53,33 ",213.32
9786558240228.0,2024-08-29,33.0,EDUFU,4.0," R$ 30,00 ",120.0
9786588055045.0,2024-08-29,33.0,EDUFU,4.0," R$ 50,00 ",200.0
9786588055014.0,2024-08-29,33.0,EDUFU,4.0," R$ 63,67 ",254.68
9786588055052.0,2024-08-29,33.0,EDUFU,4.0," R$ 40,00 ",160.0
9786558240235.0,2024-08-29,33.0,EDUFU,4.0," R$ 40,00 ",160.0
9786588055021.0,2024-08-29,33.0,EDUFU,4.0," R$ 40,00 ",160.0
9786588055038.0,2024-08-29,33.0,EDUFU,4.0," R$ 56,67 ",226.68
9788570784087.0,2024-08-30,34.0,EDUFU,1.0," R$ 36,67 ",36.67
9788570783080.0,2024-08-30,34.0,EDUFU,1.0," R$ 36,67 ",36.67
9786558240433.0,2024-08-30,34.0,EDUFU,1.0," R$ 50,00 ",50.0
9786558240433.0,2024-08-30,35.0,EDUFU,3.0," R$ 50,00 ",150.0
9786558240433.0,2024-08-30,36.0,EDUFU,1.0," R$ 50,00 ",50.0
9786588055038.0,2024-08-30,36.0,EDUFU,1.0," R$ 56,67 ",56.67
9786558240228.0,2024-08-30,36.0,EDUFU,1.0," R$ 30,00 ",30.0
9788570783653.0,2024-08-30,37.0,EDUFU,1.0," R$ 26,67 ",26.67
9780000000000.0,2024-08-30,37.0,EDUFU,2.0," R$ 5,00 ",10.0
9786558240433.0,2024-08-30,37.0,EDUFU,1.0," R$ 50,00 ",50.0
9786558240228.0,2024-08-30,37.0,EDUFU,3.0," R$ 30,00 ",90.0
9788570781550.0,2024-09-04,38.0,EDUFU,1.0," R$ 33,33 ",33.33
9786558240228.0,2024-09-04,39.0,EDUFU,1.0," R$ 30,00 ",30.0
9786588055045.0,2024-09-04,39.0,EDUFU,1.0," R$ 50,00 ",50.0
9780000000000.0,2024-09-04,39.0,EDUFU,3.0," R$ 5,00 ",15.0
9788570784926.0,2024-09-06,40.0,EDUFU,1.0," R$ 60,00 ",60.0
9786557110416.0,2024-09-24,41.0,UNESP,1.0," R$ 35,20 ",35.2
9788539307852.0,2024-09-24,41.0,UNESP,1.0," R$ 52,00 ",52.0
9788539303656.0,2024-09-24,41.0,UNESP,1.0," R$ 55,20 ",55.2
9786557110577.0,2024-09-24,42.0,UNESP,1.0," R$ 46,40 ",46.4
9786557110386.0,2024-09-24,43.0,UNESP,1.0," R$ 36,80 ",36.8
9788539305063.0,2024-09-24,43.0,UNESP,1.0," R$ 51,20 ",51.2
9786558240433.0,2024-09-24,45.0,EDUFU,1.0," R$ 50,00 ",50.0
9788571395497.0,2024-09-24,45.0,UNESP,1.0," R$ 30,40 ",30.4
9786588055045.0,2024-09-24,46.0,EDUFU,1.0," R$ 50,00 ",50.0
9786558240228.0,2024-09-24,47.0,EDUFU,1.0," R$ 30,00 ",30.0
9788570784087.0,2024-09-24,48.0,EDUFU,1.0," R$ 36,67 ",36.67
9786558240228.0,2024-09-24,49.0,EDUFU,1.0," R$ 30,00 ",30.0
9786558240228.0,2024-09-25,50.0,EDUFU,5.0," R$ 30,00 ",150.0
9786588055045.0,2024-09-25,50.0,EDUFU,5.0," R$ 50,00 ",250.0
9786558240433.0,2024-09-27,52.0,EDUFU,2.0," R$ 50,00 ",100.0
9786588055052.0,2024-09-27,52.0,EDUFU,3.0," R$ 40,00 ",120.0
9788570785145.0,2024-09-27,52.0,EDUFU,3.0," R$ 53,33 ",159.99
9786558240228.0,2024-09-27,52.0,EDUFU,3.0," R$ 30,00 ",90.0
9786588055021.0,2024-09-27,52.0,EDUFU,4.0," R$ 40,00 ",160.0
9786588055038.0,2024-09-27,52.0,EDUFU,4.0," R$ 56,67 ",226.68
9786588055014.0,2024-09-27,52.0,EDUFU,4.0," R$ 63,67 ",254.68
9786588055045.0,2024-09-27,52.0,EDUFU,4.0," R$ 50,00 ",200.0
9786558240235.0,2024-09-27,52.0,EDUFU,4.0," R$ 40,00 ",160.0
9786588055052.0,2024-09-27,53.0,EDUFU,1.0," R$ 40,00 ",40.0
9788570784766.0,2024-09-27,54.0,EDUFU,1.0," R$ 26,67 ",26.67
9786558240228.0,2024-09-30,55.0,EDUFU,5.0," R$ 30,00 ",150.0
9786588055045.0,2024-09-30,56.0,EDUFU,5.0," R$ 50,00 ",250.0
9780000000000.0,2024-09-30,57.0,EDUFU,2.0," R$ 5,00 ",10.0
9786557112380.0,2024-09-30,57.0,UNESP,1.0," R$ 55,20 ",55.2
9780000000000.0,2024-09-30,58.0,EDUFU,1.0," R$ 5,00 ",5.0
9786588055045.0,2024-10-01,60.0,EDUFU,1.0," R$ 50,00 ",50.0
9780000000000.0,2024-10-03,61.0,EDUFU,1.0," R$ 5,00 ",5.0
9788539304059.0,2024-10-04,62.0,UNESP,1.0," R$ 45,60 ",45.6
9788571399396.0,2024-10-04,62.0,UNESP,1.0," R$ 36,00 ",36.0
9780000000000.0,2024-10-04,63.0,EDUFU,1.0," R$ 5,00 ",5.0
9788570783851.0,2024-10-04,64.0,EDUFU,1.0," R$ 50,00 ",50.0
9786558240327.0,2024-10-04,65.0,EDUFU,1.0," R$ 30,00 ",30.0
9786588055052.0,2024-10-04,65.0,EDUFU,1.0," R$ 40,00 ",40.0
9786558240433.0,2024-10-04,65.0,EDUFU,2.0," R$ 50,00 ",100.0
9786558581086.0,2024-10-04,66.0,UFMG,1.0," R$ 52,00 ",52.0
9788539301133.0,2024-10-07,67.0,UNESP,1.0," R$ 49,60 ",49.6
9786557111543.0,2024-10-07,67.0,UNESP,1.0," R$ 68,80 ",68.8
9786557112281.0,2024-10-07,68.0,UNESP,1.0," R$ 78,40 ",78.4
9788570784704.0,2024-10-07,68.0,EDUFU,1.0," R$ 40,00 ",40.0
9786558240327.0,2024-10-07,68.0,EDUFU,1.0," R$ 30,00 ",30.0
9788542302448.0,2024-10-07,69.0,UFMG,1.0," R$ 75,20 ",75.2
9788570411501.0,2024-10-07,69.0,UFMG,1.0," R$ 36,00 ",36.0
9788542302080.0,2024-10-07,69.0,UFMG,1.0," R$ 33,60 ",33.6
9788539305988.0,2024-10-08,70.0,UNESP,1.0," R$ 128,00 ",128.0
9788539305629.0,2024-10-08,70.0,UNESP,1.0," R$ 107,20 ",107.2
9788542302998.0,2024-10-08,71.0,UFMG,1.0," R$ 54,40 ",54.4
9788570414595.0,2024-10-08,71.0,UFMG,1.0," R$ 45,60 ",45.6
9788570419965.0,2024-10-08,71.0,UFMG,1.0," R$ 40,80 ",40.8
9786588055045.0,2024-10-08,72.0,EDUFU,1.0," R$ 50,00 ",50.0
9788570414779.0,2024-10-08,73.0,UFMG,1.0," R$ 237,60 ",237.6
9788539307555.0,2024-10-10,74.0,UNESP,1.0," R$ 110,40 ",110.4
9786558581253.0,2024-10-10,75.0,UFMG,1.0," R$ 55,20 ",55.2
9788570414595.0,2024-10-10,75.0,UFMG,1.0," R$ 45,60 ",45.6
9788570783851.0,2024-10-10,77.0,EDUFU,1.0," R$ 50,00 ",50.0
9788570783851.0,2024-10-10,78.0,EDUFU,1.0," R$ 50,00 ",50.0
9788570783851.0,2024-10-10,79.0,EDUFU,1.0," R$ 50,00 ",50.0
9786557112496.0,2024-10-10,80.0,UNESP,1.0," R$ 55,20 ",55.2
9786557110287.0,2024-10-10,80.0,UNESP,1.0," R$ 41,60 ",41.6
9788539305070.0,2024-10-11,81.0,UNESP,1.0," R$ 76,80 ",76.8
9786557112076.0,2024-10-11,82.0,UNESP,1.0," R$ 39,20 ",39.2
9786557111956.0,2024-10-11,83.0,UNESP,1.0," R$ 31,20 ",31.2
9780000000000.0,2024-10-11,84.0,EDUFU,1.0," R$ 5,00 ",5.0
9780000000000.0,2024-10-11,84.0,EDUFU,1.0," R$ 5,00 ",5.0
9788570783851.0,2024-11-14,85.0,EDUFU,1.0," R$ 50,00 ",50.0
9788570783851.0,2024-11-14,87.0,EDUFU,1.0," R$ 50,00 ",50.0
9788542300420.0,2024-11-14,89.0,UFMG,1.0," R$ 61,60 ",61.6
9786558580010.0,2024-11-14,89.0,UFMG,1.0," R$ 52,80 ",52.8
9788570413505.0,2024-11-14,89.0,UFMG,1.0," R$ 36,80 ",36.8
9786588055045.0,2024-10-15,90.0,EDUFU,1.0," R$ 50,00 ",50.0
9786557110058.0,2024-10-15,91.0,UNESP,1.0," R$ 75,20 ",75.2
9780000000000.0,2024-10-24,94.0,EDUFU,1.0," R$ 5,00 ",5.0
9788570783851.0,2024-10-17,95.0,EDUFU,1.0," R$ 50,00 ",50.0
9786557110324.0,2024-10-18,96.0,UNESP,1.0," R$ 64,00 ",64.0
9786558581253.0,2024-10-19,97.0,UFMG,1.0," R$ 55,20 ",55.2
9786558581222.0,2024-10-19,99.0,UFMG,1.0," R$ 40,80 ",40.8
9786558580966.0,2024-10-19,99.0,UFMG,1.0," R$ 52,00 ",52.0
9788570419125.0,2024-10-19,99.0,UFMG,1.0," R$ 60,00 ",60.0
9786588055151.0,2024-10-19,100.0,EDUFU,1.0," R$ 50,00 ",50.0
9780000000000.0,2024-10-19,101.0,EDUFU,2.0," R$ 5,00 ",10.0
9786588055014.0,2024-10-19,102.0,EDUFU,1.0," R$ 63,67 ",63.67
9788570783851.0,2024-10-19,103.0,EDUFU,1.0," R$ 50,00 ",50.0
9780000000000.0,2024-10-19,104.0,EDUFU,1.0," R$ 5,00 ",5.0
9788570785145.0,2024-10-19,105.0,EDUFU,1.0," R$ 53,33 ",53.33
9788570783080.0,2024-10-19,105.0,EDUFU,1.0," R$ 36,67 ",36.67
9786558240228.0,2024-10-19,105.0,EDUFU,1.0," R$ 30,00 ",30.0
9788570784131.0,2024-10-19,105.0,EDUFU,1.0," R$ 36,67 ",36.67
9788570417534.0,2024-10-19,106.0,UFMG,1.0," R$ 18,40 ",18.4
9786558240228.0,2024-10-19,107.0,EDUFU,1.0," R$ 30,00 ",30.0
9786588055151.0,2024-10-19,112.0,EDUFU,1.0," R$ 74,00 ",74.0
9786588055151.0,2024-10-19,113.0,EDUFU,1.0," R$ 74,00 ",74.0
9786588055151.0,2024-10-19,114.0,EDUFU,1.0," R$ 74,00 ",74.0
9786588055151.0,2024-10-19,115.0,EDUFU,1.0," R$ 74,00 ",74.0
9786588055151.0,2024-10-19,116.0,EDUFU,1.0," R$ 74,00 ",74.0
9786588055151.0,2024-10-19,117.0,EDUFU,1.0," R$ 74,00 ",74.0
9786588055151.0,2024-10-19,117.0,EDUFU,1.0," R$ 74,00 ",74.0
9786588055151.0,2024-10-19,118.0,EDUFU,1.0," R$ 74,00 ",74.0
9786588055151.0,2024-10-19,119.0,EDUFU,1.0," R$ 74,00 ",74.0
9788570784087.0,2024-10-19,120.0,EDUFU,1.0," R$ 36,67 ",36.67
9788570783851.0,2024-11-01,121.0,EDUFU,1.0," R$ 50,00 ",50.0
9788570783851.0,2024-11-01,122.0,EDUFU,1.0," R$ 50,00 ",50.0
9786588055151.0,2024-11-01,127.0,EDUFU,1.0," R$ 59,20 ",59.2
9780000000000.0,2024-11-01,128.0,EDUFU,1.0," R$ 5,00 ",5.0
9788539305940.0,2024-11-01,128.0,UNESP,1.0," R$ 44,80 ",44.8
9788539304981.0,2024-11-01,129.0,UNESP,1.0," R$ 91,20 ",91.2
9788570783080.0,2024-11-01,130.0,EDUFU,1.0," R$ 55,00 ",55.0
9788570784131.0,2024-11-01,131.0,EDUFU,1.0," R$ 55,00 ",55.0
9786558240433.0,2024-11-01,132.0,EDUFU,1.0," R$ 50,00 ",50.0
9780000000000.0,2024-11-01,133.0,EDUFU,1.0," R$ 5,00 ",5.0
9788570783851.0,2024-11-01,134.0,EDUFU,1.0," R$ 50,00 ",50.0
9788539306176.0,2024-11-01,135.0,UNESP,1.0," R$ 65,60 ",65.6
9786557110058.0,2024-11-01,135.0,UNESP,1.0," R$ 75,20 ",75.2
9788539301379.0,2024-11-01,135.0,UNESP,1.0," R$ 39,20 ",39.2
9788570784780.0,2024-11-01,137.0,EDUFU,2.0," R$ 37,50 ",75.0
9788539304035.0,2024-11-01,138.0,UNESP,1.0," R$ 20,80 ",20.8
9786588055151.0,2024-11-01,139.0,EDUFU,1.0," R$ 74,00 ",74.0
9788570783851.0,2024-11-01,140.0,EDUFU,1.0," R$ 50,00 ",50.0
9788570784780.0,2024-11-01,142.0,EDUFU,1.0," R$ 75,00 ",75.0
9788570784131.0,2024-11-01,143.0,EDUFU,1.0," R$ 55,00 ",55.0
9788570783080.0,2024-11-01,143.0,EDUFU,1.0," R$ 55,00 ",55.0
9780000000000.0,2024-11-01,144.0,EDUFU,1.0," R$ 5,00 ",5.0
9788539307951.0,2024-11-01,145.0,UNESP,1.0," R$ 86,40 ",86.4
9786558580270.0,2024-11-01,145.0,UFMG,1.0," R$ 57,60 ",57.6
9788570783080.0,2024-11-01,146.0,EDUFU,1.0," R$ 55,00 ",55.0
9786588055151.0,2024-11-01,147.0,EDUFU,1.0," R$ 59,20 ",59.2
9780000000000.0,2024-11-01,148.0,EDUFU,1.0," R$ 5,00 ",5.0
9780000000000.0,2024-11-01,148.0,EDUFU,1.0," R$ 5,00 ",5.0
9780000000000.0,2024-11-01,148.0,EDUFU,1.0," R$ 5,00 ",5.0
9780000000000.0,2024-11-01,148.0,EDUFU,1.0," R$ 5,00 ",5.0
9780000000000.0,2024-11-01,148.0,EDUFU,1.0," R$ 5,00 ",5.0
9786558240433.0,2024-11-01,149.0,EDUFU,2.0," R$ 15,00 ",30.0
9786588055052.0,2024-11-01,149.0,EDUFU,2.0," R$ 30,00 ",60.0
9788570785145.0,2024-11-01,149.0,EDUFU,1.0," R$ 40,00 ",40.0
9786558240228.0,2024-11-01,149.0,EDUFU,1.0," R$ 22,50 ",22.5
9786558240327.0,2024-11-01,150.0,EDUFU,1.0," R$ 30,00 ",30.0
9780000000000.0,2024-11-01,150.0,EDUFU,1.0," R$ 5,00 ",5.0
9780000000000.0,2024-11-01,150.0,EDUFU,1.0," R$ 5,00 ",5.0
9780000000000.0,2024-11-01,151.0,EDUFU,1.0," R$ 5,00 ",5.0
9786557111338.0,2024-11-01,152.0,UNESP,1.0," R$ 62,40 ",62.4
9786557111505.0,2024-11-01,152.0,UNESP,1.0," R$ 71,20 ",71.2
9786557111901.0,2024-11-01,152.0,UNESP,1.0," R$ 49,60 ",49.6
9788571394810.0,2024-11-01,153.0,UNESP,1.0," R$ 30,40 ",30.4
9780000000000.0,2024-11-01,154.0,EDUFU,1.0," R$ 5,00 ",5.0
9780000000000.0,2024-11-01,155.0,EDUFU,1.0," R$ 5,00 ",5.0
9780000000000.0,2024-11-01,155.0,EDUFU,1.0," R$ 5,00 ",5.0
9780000000000.0,2024-11-01,155.0,EDUFU,1.0," R$ 5,00 ",5.0
9788570419231.0,2024-11-01,156.0,UFMG,1.0," R$ 44,00 ",44.0
9780000000000.0,2024-11-01,156.0,EDUFU,1.0," R$ 5,00 ",5.0
9780000000000.0,2024-11-01,156.0,EDUFU,1.0," R$ 5,00 ",5.0
9780000000000.0,2024-11-01,156.0,EDUFU,1.0," R$ 5,00 ",5.0
9788542300208.0,2024-11-01,157.0,UFMG,1.0," R$ 36,00 ",36.0
9786558240259.0,2024-12-01,158.0,EDUFU,1.0," R$ 63,67 ",63.67
9786557112038.0,2024-12-01,159.0,UNESP,1.0," R$ 46,40 ",46.4
9786588055144.0,2024-12-01,160.0,EDUFU,1.0," R$ 64,00 ",64.0
9786558240228.0,2024-12-01,161.0,EDUFU,1.0," R$ 30,00 ",30.0
9786588055045.0,2024-12-01,161.0,EDUFU,1.0," R$ 50,00 ",50.0
9788539301423.0,2024-12-01,162.0,UNESP,1.0," R$ 67,20 ",67.2
9788539303946.0,2024-12-01,162.0,UNESP,1.0," R$ 65,60 ",65.6
9786558580744.0,2024-12-01,163.0,UFMG,1.0," R$ 52,00 ",52.0
9786557111420.0,2024-12-01,163.0,UNESP,1.0," R$ 38,40 ",38.4
9788539307814.0,2024-12-01,163.0,UNESP,1.0," R$ 84,00 ",84.0
9786557110546.0,2024-12-01,166.0,UNESP,1.0," R$ 99,20 ",99.2
9788570784087.0,2024-12-01,167.0,EDUFU,1.0," R$ 17,40 ",17.4
9788570784087.0,2024-12-01,168.0,EDUFU,1.0," R$ 17,40 ",17.4
9788570784087.0,2024-12-01,169.0,EDUFU,1.0," R$ 25,86 ",25.86
9788570784087.0,2024-12-01,170.0,EDUFU,1.0," R$ 25,86 ",25.86
9788539305292.0,2024-12-01,171.0,UNESP,1.0," R$ 41,60 ",41.6
9788539307913.0,2024-12-01,171.0,UNESP,1.0," R$ 62,40 ",62.4
9786588055144.0,2024-12-01,172.0,EDUFU,1.0," R$ 64,00 ",64.0
9786557111130.0,2024-12-01,173.0,UNESP,1.0," R$ 51,20 ",51.2
9788571395275.0,2024-12-01,173.0,UNESP,1.0," R$ 51,20 ",51.2
9786557112229.0,2024-12-01,173.0,UNESP,1.0," R$ 41,60 ",41.6
9788542303100.0,2024-12-01,174.0,UFMG,1.0," R$ 54,40 ",54.4
9786588055144.0,2024-12-01,175.0,EDUFU,1.0," R$ 80,00 ",80.0
9786557111000.0,2024-12-01,176.0,UNESP,1.0," R$ 58,80 ",58.8
9788570785145.0,2024-12-01,176.0,EDUFU,1.0," R$ 48,00 ",48.0
9786558580560.0,2024-12-01,176.0,UFMG,1.0," R$ 113,94 ",113.94
9788539301201.0,2024-12-01,176.0,UNESP,1.0," R$ 64,80 ",64.8
9788570784087.0,2024-12-01,178.0,EDUFU,1.0," R$ 17,40 ",17.4
9788570784087.0,2024-12-01,178.0,EDUFU,1.0," R$ 17,40 ",17.4
9780000000000.0,2024-12-01,179.0,EDUFU,6.0," R$ 5,00 ",30.0
9788570783851.0,2025-01-01,180.0,EDUFU,1.0," R$ 50,00 ",50.0
9786588055038.0,2025-01-01,181.0,EDUFU,2.0," R$ 56,80 ",113.6
9786588055151.0,2025-01-01,182.0,EDUFU,1.0," R$ 59,20 ",59.2
9788570784131.0,2025-01-01,185.0,EDUFU,1.0," R$ 55,00 ",55.0
9788570784087.0,2025-01-01,185.0,EDUFU,1.0," R$ 55,00 ",55.0
9788570783080.0,2025-01-01,185.0,EDUFU,1.0," R$ 55,00 ",55.0
9788570785145.0,2025-01-01,185.0,EDUFU,1.0," R$ 80,00 ",80.0
9786558240259.0,2025-01-01,191.0,EDUFU,1.0," R$ 63,67 ",63.67
9786588055038.0,2025-01-01,192.0,EDUFU,1.0," R$ 56,60 ",56.6
9780000000000.0,2025-01-01,193.0,EDUFU,5.0," R$ 17,50 ",87.5
9786588055151.0,2025-01-01,194.0,EDUFU,1.0," R$ 74,00 ",74.0
9786557112205.0,2025-01-01,195.0,UNESP,1.0," R$ 73,60 ",73.6
9786588055038.0,2025-01-01,196.0,EDUFU,2.0," R$ 56,00 ",112.0
9786557111550.0,2025-01-01,197.0,UNESP,1.0," R$ 51,20 ",51.2
9788570784087.0,2025-02-01,198.0,EDUFU,1.0," R$ 55,00 ",55.0
9788570783851.0,2025-02-01,199.0,EDUFU,1.0," R$ 50,00 ",50.0
9788539307944.0,2025-02-01,200.0,UNESP,1.0," R$ 62,40 ",62.4
9788539307449.0,2025-02-01,200.0,UNESP,1.0," R$ 73,60 ",73.6
9788539307951.0,2025-02-01,200.0,UNESP,1.0," R$ 86,40 ",86.4
9786558581284.0,2025-02-01,201.0,UFMG,1.0," R$ 18,40 ",18.4
9788570418364.0,2025-02-01,201.0,UFMG,1.0," R$ 28,80 ",28.8
9788539306114.0,2025-02-01,202.0,UNESP,1.0," R$ 73,60 ",73.6
9788539308033.0,2025-02-01,202.0,UNESP,1.0," R$ 73,60 ",73.6
9788539305698.0,2025-02-01,202.0,UNESP,1.0," R$ 33,60 ",33.6
9788570784087.0,2025-02-01,203.0,EDUFU,1.0," R$ 55,00 ",55.0
9788570784131.0,2025-02-01,203.0,EDUFU,1.0," R$ 55,00 ",55.0
9788570784780.0,2025-02-01,204.0,EDUFU,1.0," R$ 50,00 ",50.0
9786588055144.0,2025-02-01,205.0,EDUFU,1.0," R$ 65,00 ",65.0
9786588055144.0,2025-02-01,206.0,EDUFU,1.0," R$ 65,00 ",65.0
9788539300389.0,2025-02-01,207.0,UNESP,1.0," R$ 92,80 ",92.8
9788539300723.0,2025-02-01,207.0,UNESP,1.0," R$ 63,20 ",63.2
9786557110041.0,2025-02-01,208.0,UNESP,1.0," R$ 58,80 ",58.8
9786558240259.0,2025-02-01,209.0,EDUFU,1.0," R$ 63,67 ",63.67
9788570784711.0,2025-02-01,210.0,EDUFU,1.0," R$ 26,60 ",26.6
9786557110577.0,2025-02-01,211.0,UNESP,1.0," R$ 46,40 ",46.4
9788539307548.0,2025-02-01,211.0,UNESP,1.0," R$ 78,40 ",78.4
9786557110973.0,2025-02-01,211.0,UNESP,1.0," R$ 55,20 ",55.2
9780000000000.0,2025-02-01,212.0,EDUFU,1.0," R$ 15,00 ",15.0
9788539306091.0,2025-02-01,213.0,UNESP,1.0," R$ 57,60 ",57.6
9786558580355.0,2025-02-01,214.0,UFMG,1.0," R$ 78,40 ",78.4
9788542302080.0,2025-02-01,214.0,UFMG,1.0," R$ 33,60 ",33.6
9786588055038.0,2025-02-01,215.0,EDUFU,1.0," R$ 55,00 ",55.0
9786588055038.0,2025-02-01,216.0,EDUFU,1.0," R$ 55,00 ",55.0
9786588055038.0,2025-02-01,217.0,EDUFU,1.0," R$ 55,00 ",55.0
9786588055038.0,2025-02-01,218.0,EDUFU,1.0," R$ 55,00 ",55.0
9786588055038.0,2025-02-01,219.0,EDUFU,1.0," R$ 55,00 ",55.0
9786588055038.0,2025-02-01,220.0,EDUFU,1.0," R$ 55,00 ",55.0
9786588055038.0,2025-02-01,221.0,EDUFU,1.0," R$ 55,00 ",55.0
9786588055038.0,2025-02-01,222.0,EDUFU,1.0," R$ 55,00 ",55.0
9786588055038.0,2025-02-01,223.0,EDUFU,1.0," R$ 55,00 ",55.0
9786588055038.0,2025-02-01,224.0,EDUFU,2.0," R$ 55,00 ",110.0
9786588055038.0,2025-02-01,225.0,EDUFU,1.0," R$ 55,00 ",55.0
9786557110546.0,2025-02-01,226.0,UNESP,1.0," R$ 99,20 ",99.2
9788570784131.0,2025-02-01,227.0,EDUFU,1.0," R$ 36,00 ",36.0
9788570783080.0,2025-02-01,227.0,EDUFU,1.0," R$ 26,00 ",26.0
9788570785145.0,2025-02-01,227.0,EDUFU,1.0," R$ 53,00 ",53.0
9786588055038.0,2025-02-01,227.0,EDUFU,1.0," R$ 56,00 ",56.0
9788570784124.0,2025-02-01,227.0,EDUFU,1.0," R$ 26,00 ",26.0
9786558240228.0,2025-02-01,227.0,EDUFU,1.0," R$ 30,00 ",30.0
9786588055038.0,2025-02-01,228.0,EDUFU,1.0," R$ 56,50 ",56.5
9786557112038.0,2025-02-01,228.0,UNESP,1.0," R$ 46,50 ",46.5
9788539305698.0,2025-02-01,229.0,UNESP,1.0," R$ 84,80 ",84.8
9788570784131.0,2025-02-01,230.0,EDUFU,1.0," R$ 55,00 ",55.0
9788570783080.0,2025-02-01,230.0,EDUFU,1.0," R$ 55,00 ",55.0
9788570784087.0,2025-02-01,230.0,EDUFU,1.0," R$ 55,00 ",55.0
9786558581284.0,2025-02-01,231.0,UFMG,1.0," R$ 18,40 ",18.4
9786588055038.0,2025-02-01,232.0,EDUFU,1.0," R$ 56,00 ",56.0
9788570784780.0,2025-02-01,233.0,EDUFU,1.0," R$ 50,00 ",50.0
9788539304882.0,2025-02-01,234.0,UNESP,1.0," R$ 96,00 ",96.0
9788539305247.0,2025-02-01,234.0,UNESP,1.0," R$ 99,20 ",99.2
9788570784780.0,2025-02-01,235.0,EDUFU,1.0," R$ 75,00 ",75.0
9788570784780.0,2025-02-01,236.0,EDUFU,1.0," R$ 75,00 ",75.0
9788570784766.0,2025-02-01,237.0,EDUFU,1.0," R$ 26,67 ",26.67
9786558580393.0,2025-02-01,237.0,UFMG,1.0," R$ 69,60 ",69.6
9786557110737.0,2025-02-01,237.0,UNESP,1.0," R$ 75,20 ",75.2
9788571390287.0,2025-03-01,238.0,UNESP,1.0," R$ 59,20 ",59.2
9788570784780.0,2025-03-01,239.0,EDUFU,1.0," R$ 60,00 ",60.0
9788570784780.0,2025-03-01,240.0,EDUFU,1.0," R$ 75,00 ",75.0
9788570784780.0,2025-03-01,240.0,EDUFU,1.0," R$ 75,00 ",75.0
9786558240433.0,2025-03-01,242.0,EDUFU,1.0," R$ 37,50 ",37.5
9788571392021.0,2025-03-01,243.0,UNESP,1.0," R$ 51,20 ",51.2
9788571390287.0,2025-03-01,244.0,UNESP,1.0," R$ 59,20 ",59.2
9788539301201.0,2025-03-01,245.0,UNESP,1.0," R$ 86,40 ",86.4
9786557110546.0,2025-03-01,246.0,UNESP,1.0," R$ 99,20 ",99.2
9786557112458.0,2025-03-01,247.0,UNESP,1.0," R$ 76,80 ",76.8
9786557112519.0,2025-03-01,247.0,UNESP,1.0," R$ 71,20 ",71.2
9788539303700.0,2025-03-01,247.0,UNESP,1.0," R$ 63,20 ",63.2
9788570418319.0,2025-03-01,249.0,UFMG,1.0," R$ 43,20 ",43.2
9788570784780.0,2025-03-01,250.0,EDUFU,1.0," R$ 60,00 ",60.0
9788570784780.0,2025-03-01,251.0,EDUFU,1.0," R$ 60,00 ",60.0
9788539305063.0,2025-03-01,252.0,UNESP,1.0," R$ 51,20 ",51.2
9788539307425.0,2025-03-01,253.0,UNESP,1.0," R$ 63,20 ",63.2
9780000000000.0,2025-03-01,254.0,EDUFU,1.0," R$ 5,00 ",5.0
9788570784780.0,2025-03-01,255.0,EDUFU,1.0," R$ 60,00 ",60.0
9788539305360.0,2025-03-01,256.0,UNESP,1.0," R$ 40,00 ",40.0
9788571394582.0,2025-03-01,257.0,UNESP,1.0," R$ 36,00 ",36.0
9788539305698.0,2025-03-01,258.0,UNESP,1.0," R$ 84,80 ",84.8
9788539301478.0,2025-03-01,258.0,UNESP,1.0," R$ 48,00 ",48.0
9788570783851.0,2025-03-01,259.0,EDUFU,1.0," R$ 40,00 ",40.0
9788570783080.0,2025-03-01,260.0,EDUFU,1.0," R$ 44,00 ",44.0
9786558240259.0,2025-03-01,261.0,EDUFU,1.0," R$ 76,40 ",76.4
9786558240433.0,2025-03-01,262.0,EDUFU,1.0," R$ 45,00 ",45.0
9780000000000.0,2025-03-01,263.0,EDUFU,1.0," R$ 5,00 ",5.0
9786586224498.0,2025-03-01,264.0,MADAMU,1.0," R$ 153,60 ",153.6
9786586224665.0,2025-03-01,265.0,MADAMU,1.0," R$ 89,60 ",89.6
9786557112380.0,2025-03-01,266.0,UNESP,1.0," R$ 55,90 ",55.9
9786557110478.0,2025-03-01,267.0,UNESP,1.0," R$ 55,20 ",55.2
9786588055038.0,2025-03-01,268.0,EDUFU,11.0," R$ 40,22 ",442.42
9786588055045.0,2025-03-01,268.0,EDUFU,1.0," R$ 37,50 ",37.5
9788571399068.0,2025-03-01,269.0,UNESP,1.0," R$ 60,80 ",60.8
9786557112274.0,2025-03-01,270.0,UNESP,1.0," R$ 128,00 ",128.0
9786586224481.0,2025-03-01,271.0,MADAMU,1.0," R$ 71,68 ",71.68
9788521702061.0,2025-03-01,271.0,PONTES,1.0," R$ 25,00 ",25.0
9788570784131.0,2025-03-01,271.0,EDUFU,1.0," R$ 36,60 ",36.6
9786556373482.0,2025-03-01,272.0,PONTES,1.0," R$ 34,40 ",34.4
9786556372520.0,2025-03-01,273.0,PONTES,1.0," R$ 54,40 ",54.4
9786556379388.0,2025-03-01,273.0,PONTES,1.0," R$ 52,80 ",52.8
9788570784780.0,2025-03-01,273.0,EDUFU,1.0," R$ 50,00 ",50.0
9786556379388.0,2025-03-01,274.0,PONTES,1.0," R$ 52,80 ",52.8
9786556377926.0,2025-03-01,275.0,PONTES,1.0," R$ 70,40 ",70.4
9786558240228.0,2025-03-01,275.0,EDUFU,1.0," R$ 30,00 ",30.0
9788539307876.0,2025-03-01,276.0,UNESP,1.0," R$ 47,00 ",47.0
9786557110249.0,2025-03-01,276.0,UNESP,1.0," R$ 99,00 ",99.0
9780000000000.0,2025-03-01,276.0,EDUFU,1.0," R$ 5,00 ",5.0
9786556379388.0,2025-03-01,277.0,PONTES,1.0," R$ 52,80 ",52.8
9786556372520.0,2025-03-01,277.0,PONTES,1.0," R$ 54,40 ",54.4
9786558240259.0,2025-03-01,277.0,EDUFU,1.0," R$ 63,00 ",63.0
9788571393073.0,2025-03-01,278.0,UNESP,1.0," R$ 62,40 ",62.4
9786558240327.0,2025-03-01,279.0,EDUFU,1.0," R$ 36,00 ",36.0
9786557110416.0,2025-03-01,280.0,UNESP,1.0," R$ 35,20 ",35.2
9788571398511.0,2025-03-01,280.0,UNESP,1.0," R$ 55,20 ",55.2
9788539307265.0,2025-03-01,280.0,UNESP,1.0," R$ 75,20 ",75.2
9788539300006.0,2025-03-01,280.0,UNESP,1.0," R$ 33,60 ",33.6
9788570411501.0,2025-03-01,280.0,UFMG,1.0," R$ 36,00 ",36.0
9780000000000.0,2025-03-01,280.0,EDUFU,1.0," R$ 5,00 ",5.0
9788570784124.0,2025-03-01,281.0,EDUFU,1.0," R$ 20,00 ",20.0
9786558240433.0,2025-03-01,282.0,EDUFU,1.0," R$ 45,00 ",45.0
9788539301089.0,2025-03-01,283.0,UNESP,1.0," R$ 28,00 ",28.0
9788570785145.0,2025-03-01,284.0,EDUFU,1.0," R$ 53,30 ",53.3
9788570784131.0,2025-03-01,284.0,EDUFU,1.0," R$ 36,60 ",36.6
9788570783080.0,2025-03-01,284.0,EDUFU,1.0," R$ 36,60 ",36.6
9786558240259.0,2025-03-01,285.0,EDUFU,1.0," R$ 76,40 ",76.4
9788571399044.0,2025-03-01,286.0,UNESP,1.0," R$ 31,20 ",31.2
9788571396982.0,2025-03-01,286.0,UNESP,1.0," R$ 30,40 ",30.4
9788570418319.0,2025-03-01,287.0,UFMG,1.0," R$ 43,20 ",43.2
9788570783851.0,2025-03-01,288.0,EDUFU,1.0," R$ 40,00 ",40.0
9788570783851.0,2025-03-01,289.0,EDUFU,1.0," R$ 40,00 ",40.0
9788539301133.0,2025-04-01,290.0,UNESP,1.0," R$ 49,60 ",49.6
9788539300815.0,2025-04-01,291.0,UNESP,1.0," R$ 41,60 ",41.6
9786588055151.0,2025-04-01,292.0,EDUFU,1.0," R$ 59,20 ",59.2
9788570783851.0,2025-04-01,293.0,EDUFU,1.0," R$ 40,00 ",40.0
9788570783851.0,2025-04-01,294.0,EDUFU,1.0," R$ 40,00 ",40.0
9780000000000.0,2025-04-01,295.0,EDUFU,1.0," R$ 16,00 ",16.0
9788570783851.0,2025-04-01,297.0,EDUFU,1.0," R$ 40,00 ",40.0
9786588055038.0,2025-04-01,298.0,EDUFU,1.0," R$ 42,50 ",42.5
9788570418258.0,2025-04-01,299.0,UFMG,1.0," R$ 26,40 ",26.4
9788553128167.0,2025-04-01,300.0,UFMG,1.0," R$ 26,40 ",26.4
9788553128082.0,2025-04-01,300.0,UFMG,1.0," R$ 19,20 ",19.2
9786557112694.0,2025-04-01,301.0,UNESP,1.0," R$ 78,00 ",78.0
9786558240228.0,2025-04-01,301.0,EDUFU,1.0," R$ 30,00 ",30.0
9786558581024.0,2025-04-01,301.0,UFMG,1.0," R$ 33,60 ",33.6
9788570419774.0,2025-04-01,301.0,UFMG,1.0," R$ 106,20 ",106.2
9788539306145.0,2025-04-01,302.0,UNESP,1.0," R$ 48,00 ",48.0
9780000000000.0,2025-04-01,303.0,EDUFU,1.0," R$ 5,00 ",5.0
9788570783677.0,2025-04-01,304.0,EDUFU,1.0," R$ 57,33 ",57.33
9788570783851.0,2025-04-01,305.0,EDUFU,1.0," R$ 40,00 ",40.0
9788571399167.0,2025-04-01,307.0,UNESP,1.0," R$ 70,40 ",70.4
9788570782533.0,2025-05-05,308.0,EDUFU,1.0," R$ 28,00 ",28.0
9780000000000.0,2025-04-04,309.0,EDUFU,1.0," R$ 5,00 ",5.0
9788570782236.0,2025-04-04,309.0,EDUFU,1.0," R$ 24,00 ",24.0
9788570418364.0,2025-04-04,310.0,UFMG,1.0," R$ 28,80 ",28.8
9788570783080.0,2025-04-04,311.0,EDUFU,1.0," R$ 36,60 ",36.6
9780000000000.0,2025-04-04,313.0,EDUFU,1.0," R$ 5,00 ",5.0
9788570785145.0,2025-04-07,314.0,EDUFU,1.0," R$ 53,30 ",53.3
9788570418166.0,2025-04-09,315.0,UFMG,1.0," R$ 24,80 ",24.8
9786557110768.0,2025-04-10,316.0,UNESP,1.0," R$ 54,40 ",54.4
9786557112137.0,2025-04-10,316.0,UNESP,1.0," R$ 54,40 ",54.4
9786557112137.0,2025-04-10,317.0,UNESP,1.0," R$ 54,40 ",54.4
9788570783851.0,2025-04-11,319.0,EDUFU,1.0," R$ 50,00 ",50.0
9788570783851.0,2025-04-11,320.0,EDUFU,1.0," R$ 50,00 ",50.0
9788570783851.0,2025-04-15,321.0,EDUFU,1.0," R$ 50,00 ",50.0
9788570783851.0,2025-04-11,322.0,EDUFU,1.0," R$ 54,40 ",54.4
9780000000000.0,2025-04-11,322.0,EDUFU,1.0," R$ 5,00 ",5.0
9780000000000.0,2025-04-11,322.0,EDUFU,1.0," R$ 5,00 ",5.0
9780000000000.0,2025-04-11,322.0,EDUFU,1.0," R$ 5,00 ",5.0
9780000000000.0,2025-04-11,322.0,EDUFU,1.0," R$ 5,00 ",5.0
9780000000000.0,2025-04-11,322.0,EDUFU,1.0," R$ 5,00 ",5.0
9788539303557.0,2025-04-14,323.0,UNESP,1.0," R$ 49,00 ",49.0
9788571397217.0,2025-04-14,323.0,UNESP,1.0," R$ 51,00 ",51.0
9788539303557.0,2025-04-14,324.0,UNESP,1.0," R$ 49,60 ",49.6
9786558240259.0,2025-05-05,325.0,EDUFU,1.0," R$ 63,60 ",63.6
9780000000000.0,2025-05-05,325.0,EDUFU,1.0," R$ 15,00 ",15.0
9786588055014.0,2025-04-14,326.0,EDUFU,1.0," R$ 57,00 ",57.0
9788570785213.0,2025-04-14,326.0,EDUFU,1.0," R$ 43,30 ",43.3
9788542301410.0,2025-04-16,327.0,UFMG,1.0," R$ 60,00 ",60.0
9780000000000.0,2025-04-16,328.0,EDUFU,1.0," R$ 5,00 ",5.0
9780000000000.0,2025-04-16,328.0,EDUFU,1.0," R$ 5,00 ",5.0
9786588055151.0,2025-04-16,329.0,EDUFU,1.0," R$ 74,00 ",74.0
9786588055151.0,2025-04-23,330.0,EDUFU,1.0," R$ 74,00 ",74.0
9786557112090.0,2025-04-24,331.0,UNESP,1.0," R$ 39,20 ",39.2
9788539308033.0,2025-04-25,332.0,UNESP,1.0," R$ 73,60 ",73.6
9788571390645.0,2025-04-25,332.0,UNESP,1.0," R$ 36,00 ",36.0
9780000000000.0,2025-04-28,333.0,EDUFU,1.0," R$ 5,00 ",5.0
9780000000000.0,2025-04-28,333.0,EDUFU,1.0," R$ 5,00 ",5.0
9780000000000.0,2025-04-28,335.0,EDUFU,1.0," R$ 5,00 ",5.0
9788570783851.0,2025-04-28,336.0,EDUFU,1.0," R$ 50,00 ",50.0
9788570783080.0,2025-04-30,337.0,EDUFU,1.0," R$ 55,00 ",55.0
9788570783851.0,2025-04-30,338.0,EDUFU,1.0," R$ 50,00 ",50.0
9788570783851.0,2025-04-30,339.0,EDUFU,1.0," R$ 50,00 ",50.0
9786588055151.0,2025-04-30,340.0,EDUFU,1.0," R$ 51,80 ",51.8
9786588055151.0,2025-04-30,341.0,EDUFU,1.0," R$ 51,80 ",51.8
9786588055151.0,2025-04-30,342.0,EDUFU,1.0," R$ 51,80 ",51.8
9786588055151.0,2025-04-30,343.0,EDUFU,1.0," R$ 51,80 ",51.8
9788570783851.0,2025-05-05,344.0,EDUFU,1.0," R$ 50,00 ",50.0
9786588055038.0,2025-05-05,345.0,EDUFU,1.0," R$ 56,60 ",56.6
9788570783080.0,2025-05-05,345.0,EDUFU,1.0," R$ 36,60 ",36.6
9788570784131.0,2025-05-05,345.0,EDUFU,1.0," R$ 36,60 ",36.6
9788570785145.0,2025-05-05,345.0,EDUFU,1.0," R$ 53,30 ",53.3
9786557112519.0,2025-05-05,345.0,UNESP,1.0," R$ 53,30 ",53.3
9788570418166.0,2025-05-05,346.0,UFMG,1.0," R$ 27,20 ",27.2
9786557110577.0,2025-05-05,346.0,UNESP,1.0," R$ 46,40 ",46.4
9780000000000.0,2025-05-05,347.0,EDUFU,1.0," R$ 5,00 ",5.0
9788539307777.0,2025-05-06,348.0,UNESP,1.0," R$ 76,80 ",76.8
9786558240235.0,2025-05-07,350.0,EDUFU,1.0," R$ 40,00 ",40.0
9788571396135.0,2025-05-09,351.0,UNESP,1.0," R$ 49,60 ",49.6
9788570418340.0,2025-05-09,352.0,UFMG,1.0," R$ 37,60 ",37.6
9786558240228.0,2025-05-13,354.0,EDUFU,1.0," R$ 30,00 ",30.0
9788539305339.0,2025-05-13,355.0,UNESP,1.0," R$ 49,60 ",49.6
9788539306756.0,2025-05-13,356.0,UNESP,1.0," R$ 20,00 ",20.0
9788570783851.0,2025-05-13,357.0,EDUFU,1.0," R$ 50,00 ",50.0
9786588055151.0,2025-05-14,358.0,EDUFU,1.0," R$ 59,20 ",59.2
9788542303179.0,2025-05-14,359.0,UFMG,1.0," R$ 18,40 ",18.4
9788570785145.0,2025-05-14,360.0,EDUFU,1.0," R$ 40,00 ",40.0
9786588055038.0,2025-05-14,360.0,EDUFU,1.0," R$ 42,50 ",42.5
9786588055038.0,2025-05-14,360.0,EDUFU,1.0," R$ 42,50 ",42.5
9786588055151.0,2025-05-19,361.0,EDUFU,1.0," R$ 51,80 ",51.8
9788539306305.0,2025-05-19,362.0,UNESP,1.0," R$ 55,20 ",55.2
9786588055182.0,2025-05-19,363.0,EDUFU,1.0," R$ 30,00 ",30.0
9786588055182.0,2025-05-21,364.0,EDUFU,1.0," R$ 30,00 ",30.0
9788542302509.0,2025-05-27,365.0,UFMG,1.0," R$ 52,80 ",52.8
9786557111185.0,2025-05-27,366.0,UNESP,1.0," R$ 46,40 ",46.4
9788571394124.0,2025-05-27,366.0,UNESP,1.0," R$ 36,80 ",36.8
9788570419156.0,2025-05-27,367.0,UFMG,1.0," R$ 31,20 ",31.2
9788570419934.0,2025-05-28,368.0,UFMG,1.0," R$ 32,80 ",32.8
9788539304035.0,2025-05-30,369.0,UNESP,1.0," R$ 20,80 ",20.8
9788571395572.0,2025-05-30,369.0,UNESP,1.0," R$ 28,80 ",28.8
9788539302659.0,2025-05-30,369.0,UNESP,1.0," R$ 40,00 ",40.0
9786558240327.0,2025-06-03,370.0,EDUFU,1.0," R$ 30,00 ",30.0
9788539300334.0,2025-06-03,371.0,UNESP,1.0," R$ 81,60 ",81.6
9786557111420.0,2025-06-04,372.0,UNESP,1.0," R$ 38,40 ",38.4
9786557110058.0,2025-06-04,372.0,UNESP,1.0," R$ 75,20 ",75.2
9786557111772.0,2025-06-04,372.0,UNESP,1.0," R$ 43,20 ",43.2
9780000000000.0,2025-06-04,372.0,EDUFU,1.0," R$ 5,00 ",5.0
9786588055151.0,2025-06-06,373.0,EDUFU,1.0," R$ 59,20 ",59.2
9786588055151.0,2025-06-06,373.0,EDUFU,1.0," R$ 59,20 ",59.2
9786558240259.0,2025-06-09,374.0,EDUFU,1.0," R$ 63,60 ",63.6
9788570784766.0,2025-06-09,374.0,EDUFU,1.0," R$ 26,70 ",26.7
9788539308262.0,2025-06-09,375.0,UNESP,1.0," R$ 30,40 ",30.4
9788571394810.0,2025-06-09,375.0,UNESP,1.0," R$ 30,40 ",30.4
9788539304219.0,2025-06-09,376.0,UNESP,1.0," R$ 30,40 ",30.4
9788570784131.0,2025-06-10,377.0,EDUFU,1.0," R$ 55,00 ",55.0
9788542303209.0,2025-06-10,378.0,UFMG,1.0," R$ 35,20 ",35.2
9788542303209.0,2025-06-10,379.0,UFMG,1.0," R$ 39,20 ",39.2
9788570417534.0,2025-06-10,379.0,UFMG,1.0," R$ 18,40 ",18.4
9786557112090.0,2025-06-10,379.0,UNESP,1.0," R$ 35,20 ",35.2
9786557112526.0,2025-06-10,379.0,UNESP,1.0," R$ 49,60 ",49.6
9786588055182.0,2025-06-10,380.0,EDUFU,1.0," R$ 30,00 ",30.0
9786588055144.0,2025-06-10,380.0,EDUFU,1.0," R$ 56,00 ",56.0
9788553128044.0,2025-06-10,380.0,UFMG,1.0," R$ 26,40 ",26.4
9788570784766.0,2025-06-12,382.0,EDUFU,1.0," R$ 26,67 ",26.67
9786588055038.0,2025-06-11,383.0,EDUFU,1.0," R$ 56,67 ",56.67
9788570414069.0,2025-06-11,383.0,UFMG,1.0," R$ 31,20 ",31.2
9788539305063.0,2025-06-11,384.0,UNESP,1.0," R$ 51,20 ",51.2
9786558240228.0,2025-06-11,385.0,EDUFU,1.0," R$ 30,00 ",30.0
9786588055151.0,2025-06-12,386.0,EDUFU,1.0," R$ 59,20 ",59.2
9786557110522.0,2025-06-13,387.0,UNESP,1.0," R$ 38,40 ",38.4
9786557112717.0,2025-06-13,388.0,UNESP,1.0," R$ 47,20 ",47.2
9788539300730.0,2025-06-13,388.0,UNESP,1.0," R$ 51,20 ",51.2
9788570783967.0,2025-06-13,388.0,EDUFU,1.0," R$ 35,00 ",35.0
9788570782649.0,2025-06-13,388.0,EDUFU,1.0," R$ 20,00 ",20.0
9786558581062.0,2025-06-13,389.0,UFMG,1.0," R$ 49,60 ",49.6
9788542302400.0,2025-06-13,389.0,UFMG,1.0," R$ 68,80 ",68.8
9780000000000.0,2025-06-18,390.0,EDUFU,1.0," R$ 5,00 ",5.0
9788570782939.0,2025-06-18,390.0,EDUFU,1.0," R$ 25,00 ",25.0
9786557110799.0,2025-06-23,391.0,UNESP,1.0," R$ 33,60 ",33.6
9786557111772.0,2025-06-23,392.0,UNESP,1.0," R$ 43,20 ",43.2
9786588055144.0,2025-06-24,393.0,EDUFU,1.0," R$ 64,00 ",64.0
9788571399068.0,2025-06-24,394.0,UNESP,1.0," R$ 60,80 ",60.8
9786588055144.0,2025-06-25,395.0,EDUFU,1.0," R$ 48,00 ",48.0
9786588055144.0,2025-06-26,396.0,EDUFU,1.0," R$ 48,00 ",48.0
9786588055144.0,2025-06-26,397.0,EDUFU,1.0," R$ 48,00 ",48.0
9786588055144.0,2025-06-26,398.0,EDUFU,1.0," R$ 48,00 ",48.0
9786588055144.0,2025-06-26,399.0,EDUFU,1.0," R$ 48,00 ",48.0
9786588055144.0,2025-06-26,400.0,EDUFU,1.0," R$ 48,00 ",48.0
9786557112342.0,2025-06-26,401.0,UNESP,1.0," R$ 54,40 ",54.4
9788570784766.0,2025-06-26,402.0,EDUFU,1.0," R$ 26,50 ",26.5
9786588055151.0,2025-06-27,403.0,EDUFU,1.0," R$ 59,20 ",59.2
9780000000000.0,2025-06-30,404.0,EDUFU,1.0," R$ 5,00 ",5.0
